Workbook

Sheet راهنما
A1: لیست لیدهای رستوران‌های تهران — تیم فروش
A3: تاریخ ساخت فایل: 2026-08-27
A4: منبع داده: گوگل‌مپ (جستجوی مرورگر)
A5: پوشش: هر ۲۲ منطقه تهران — یک جستجوی کلی برای هر منطقه (۶ نتیجه اول)
A7: این یعنی چه؟
A8: جمعاً حدود ۱۳۰ رستوران در شیت «لیدها» هست: ۶ رستوران نمونه از هر منطقه.
A9: این یک نمونه‌ی نماینده از هر منطقه است، نه فهرست کامل همه‌ی رستوران‌های آن منطقه —
A10: در واقعیت هر منطقه ده‌ها تا صدها رستوران دارد. گوگل‌مپ برای هر جستجو حداکثر همین چند نتیجه اول را
A11: بدون اسکرول/زوم بیشتر برمی‌گرداند، چون جستجو بر اساس محدوده‌ی نقشه است نه مرز اداری منطقه.
A13: محدودیت‌های شناخته‌شده:
A14: ۱. شماره تلفن فقط برای بعضی رستوران‌ها در نتایج اولیه نمایش داده می‌شود (بقیه باید تک‌تک باز شوند).
A15: ۲. برای پوشش کامل‌تر هر منطقه، باید per منطقه چند جستجوی محله‌ای/خیابانی جدا انجام شود و لیست اسکرول شود؛
... A25: منطقه، نام رستوران، دسته‌بندی، امتیاز، تعداد نظرات، رده قیمت، آدرس، لینک گوگل‌مپ، تلفن، وضعیت لید، یادداشت، تاریخ جمع‌آوری

Sheet لیدها
A1: منطقه | B1: نام رستوران | C1: دسته‌بندی | D1: امتیاز | E1: تعداد نظرات | F1: رده قیمت | G1: آدرس | H1: لینک گوگل‌مپ | I1: تلفن | J1: وضعیت لید | K1: یادداشت | L1: تاریخ جمع‌آوری
A2: ۱ | B2: Divan Restaurant | C2: ایرانی | D2: 4.1 | E2: 495 | G2: Fereshteh St, QCPH+H7W | H2: https://www.google.com/maps/search/Divan+Restaurant+منطقه+۱+تهران | J2: لید جدید | L2: 2026-08-27
A3: ۱ | B3: Mestooran Restaurant | C3: ایرانی | D3: 3.6 | E3: 859 | G3: Bahonar St, RF69+GJ6 | H3: https://www.google.com/maps/search/Mestooran+Restaurant+منطقه+۱+تهران | J3: لید جدید | L3: 2026-08-27
A4: ۱ | B4: Rodizio Brazilian Restaurant | C4: برزیلی | D4: 4 | E4: 205 | G4: Moqadas Ardabili St, QCPF+PM8 | H4: https://www.google.com/maps/search/Rodizio+Brazilian+Restaurant+منطقه+۱+تهران | J4: لید جدید | L4: 2026-08-27
A5: ۱ | B5: Asil Restaurant | C5: ایرانی | D5: 4 | E5: 455 | F5: ۱ تا ۲ میلیون تومان | G5: QCX6+24F | H5: https://www.google.com/maps/search/Asil+Restaurant+منطقه+۱+تهران | J5: لید جدید | L5: 2026-08-27
A6: ۱ | B6: Aghdasieh Restaurant | C6: رستوران | D6: 4 | E6: 628 | G6: خیابان اقدسیه، Artesh Hwy, پلاک ۸، RF2P+52X | H6: https://www.google.com/maps/search/Aghdasieh+Restaurant+منطقه+۱+تهران | J6: لید جدید | L6: 2026-08-27
A7: ۱ | B7: Shandiz Galleria Restaurant | C7: رستوران | D7: 4.1 | E7: 651 | G7: RC54+37P | H7: https://www.google.com/maps/search/Shandiz+Galleria+Restaurant+منطقه+۱+تهران | J7: لید جدید | L7: 2026-08-27
A8: ۲ | B8: رستوران رژیمی باروکال | C8: رستوران | D8: 4.7 | E8: 23 | F8: ۱ تا ۶ میلیون تومان | G8: سعادت‌آباد، میدان کاج، خیابان سرو شرقی، خیابان مجد، کوچه نسترن، پلاک ۴۱ | H8: https://www.google.com/maps/search/رستوران+رژیمی+باروکال+منطقه+۲+تهران | J8: لید جدید | L8: 2026-08-27
A9: ۲ | B9: Tehran Been Restaurant | C9: رستوران | D9: 3.4 | E9: 341 | F9: ۱ میلیون تومان | G9: 17th St, Q9G7+5PC | H9: https://www.google.com/maps/search/Tehran+Been+Restaurant+منطقه+۲+تهران | J9: لید جدید | L9: 2026-08-27
A10: ۲ | B10: Nayeb Restaurant | C10: رستوران | D10: 4 | E10: 401 | F10: ۱ تا ۲ میلیون تومان | G10: Shahid Hassan Tehrani Moghadam Sq, Q9JG+W55 | H10: https://www.google.com/maps/search/Nayeb+Restaurant+منطقه+۲+تهران | J10: لید جدید | L10: 2026-08-27
A11: ۲ | B11: Goli Khanum Restaurant | C11: ایرانی | D11: 3.5 | E11: 84 | G11: Shahrdari, No. 6 | H11: https://www.google.com/maps/search/Goli+Khanum+Restaurant+منطقه+۲+تهران | J11: لید جدید | L11: 2026-08-27
A12: ۲ | B12: Morshed Restaurant | C12: رستوران | D12: 3.9 | E12: 145 | F12: بالای ۱۰ میلیون تومان | G12: Q9HG+W48 | H12: https://www.google.com/maps/search/Morshed+Restaurant+منطقه+۲+تهران | J12: لید جدید | L12: 2026-08-27
A13: ۲ | B13: Mahiye Khoob Restaurant | C13: غذاهای دریایی | D13: 3.9 | E13: 360 | G13: W Sarv Blvd, Q9H6+79J | H13: https://www.google.com/maps/search/Mahiye+Khoob+Restaurant+منطقه+۲+تهران | J13: لید جدید | L13: 2026-08-27
A14: ۳ | B14: Orkideh Restaurant | C14: ایرانی | D14: 4.1 | E14: 56 | G14: Dr Mohammad Mosaddegh St, QC8H+FQ9 | H14: https://www.google.com/maps/search/Orkideh+Restaurant+منطقه+۳+تهران | J14: لید جدید | L14: 2026-08-27
A15: ۳ | B15: Mada'in Arabic Restaurant & Café | C15: خاورمیانه‌ای | D15: 4 | E15: 274 | F15: ۱ تا ۲ میلیون تومان | G15: QC9H+PCR | H15: https://www.google.com/maps/search/Mada'in+Arabic+Restaurant+&+Café+منطقه+۳+تهران | J15: لید جدید | L15: 2026-08-27
A16: ۳ | B16: Parla Italian Restaurant | C16: ایتالیایی | D16: 4.3 | E16: 279 | G16: W Zayandeh Rood St, No. 7 | H16: https://www.google.com/maps/search/Parla+Italian+Restaurant+منطقه+۳+تهران | J16: لید جدید | L16: 2026-08-27
A17: ۳ | B17: Shandiz Jordan Restaurant | C17: ایرانی | D17: 4.3 | E17: 2401 | F17: بالای ۱۰ میلیون تومان | G17: Saba Blvd, QCCF+F44 | H17: https://www.google.com/maps/search/Shandiz+Jordan+Restaurant+منطقه+۳+تهران | J17: لید جدید | L17: 2026-08-27
A18: ۳ | B18: Nouvelle Restaurant | C18: رستوران | D18: 4.4 | E18: 173 | G18: خیابان جردن، بلوار آرش غربی، پلاک ۱۱ | H18: https://www.google.com/maps/search/Nouvelle+Restaurant+منطقه+۳+تهران | J18: لید جدید | L18: 2026-08-27
A19: ۳ | B19: Mohammad restaurant | C19: کباب‌فروشی | D19: 4.3 | E19: 398 | F19: ۱ تا ۵ میلیون تومان | G19: Kolahdooz St, QCHX+W37 | H19: https://www.google.com/maps/search/Mohammad+restaurant+منطقه+۳+تهران | J19: لید جدید | L19: 2026-08-27
A20: ۴ | B20: رستوران سید جلال | C20: رستوران | D20: 3.7 | E20: 26 | F20: ۱ تا ۲ میلیون تومان | G20: 8th Negarestan St, QF54+2H8 | H20: https://www.google.com/maps/search/رستوران+سید+جلال+منطقه+۴+تهران | J20: لید جدید | L20: 2026-08-27
A21: ۴ | B21: Piyaleh Resturant | C21: ایرانی | D21: 3.9 | E21: 213 | F21: ۱ تا ۳ میلیون تومان | G21: N Ostad Hasan Banna Ave, QF2F+VWV | H21: https://www.google.com/maps/search/Piyaleh+Resturant+منطقه+۴+تهران | J21: لید جدید | L21: 2026-08-27
A22: ۴ | B22: 133 Restaurant | C22: رستوران | D22: 4 | E22: 366 | G22: Resalat Hwy, PGJC+WPQ | H22: https://www.google.com/maps/search/133+Restaurant+منطقه+۴+تهران | J22: لید جدید | L22: 2026-08-27
A23: ۴ | B23: کافه رستوران کرنج | C23: رستوران | D23: 4.3 | E23: 92 | F23: ۱ تا ۲ میلیون تومان | G23: تهرانپارس، خیابان ساقدوش، بعد از کوچه یاس | H23: https://www.google.com/maps/search/کافه+رستوران+کرنج+منطقه+۴+تهران | J23: لید جدید | L23: 2026-08-27
A24: ۴ | B24: Roof Lounge | C24: رستوران | D24: 3.1 | E24: 85 | F24: بالای ۱۰ میلیون تومان | G24: 3rd Sq Tehranpars, PGWP+65C | H24: https://www.google.com/maps/search/Roof+Lounge+منطقه+۴+تهران | J24: لید جدید | L24: 2026-08-27
A25: ۴ | B25: Babakhani Restaurant | C25: رستوران | D25: 3.9 | E25: 66 | G25: QC2X+8MP | H25: https://www.google.com/maps/search/Babakhani+Restaurant+منطقه+۴+تهران | J25: لید جدید | L25: 2026-08-27
A26: ۵ | B26: Kandoo Restaurant | C26: رستوران | D26: 4.2 | E26: 110 | F26: ۲ تا ۳ میلیون تومان | G26: مطهری، Q8CJ+2WG | H26: https://www.google.com/maps/search/Kandoo+Restaurant+منطقه+۵+تهران | J26: لید جدید | L26: 2026-08-27
A27: ۵ | B27: Nesen Grill restaurant | C27: رستوران | D27: 4.5 | E27: 158 | F27: ۱ تا ۵ میلیون تومان | G27: P8PH+JFJ | H27: https://www.google.com/maps/search/Nesen+Grill+restaurant+منطقه+۵+تهران | J27: لید جدید | L27: 2026-08-27
A28: ۵ | B28: باغ رستوران شادی | C28: رستوران | D28: 4.5 | E28: 21 | G28: Q76C+CJ3 | H28: https://www.google.com/maps/search/باغ+رستوران+شادی+منطقه+۵+تهران | J28: لید جدید | L28: 2026-08-27
A29: ۵ | B29: Laleh Garden Restaurant | C29: رستوران | D29: 3.6 | E29: 298 | F29: ۲ تا ۸ میلیون تومان | G29: Adl Blvd, Q86J+R59 | H29: https://www.google.com/maps/search/Laleh+Garden+Restaurant+منطقه+۵+تهران | J29: لید جدید | L29: 2026-08-27
A30: ۵ | B30: Hoveyzeh Restaurant | C30: ایرانی | D30: 3.9 | E30: 249 | G30: Q88Q+43W | H30: https://www.google.com/maps/search/Hoveyzeh+Restaurant+منطقه+۵+تهران | J30: لید جدید | L30: 2026-08-27
A31: ۵ | B31: Dees Restaurant | C31: رستوران | D31: 4.1 | E31: 260 | F31: ۱ میلیون تومان | G31: Mirzababaei Blvd, No. ۱۶ | H31: https://www.google.com/maps/search/Dees+Restaurant+منطقه+۵+تهران | J31: لید جدید | L31: 2026-08-27
A32: ۶ | B32: Orkideh Restaurant | C32: رستوران | D32: 4.1 | E32: 1055 | F32: بالای ۱۰ میلیون تومان | G32: Alvand St, PCQ7+3XC | H32: https://www.google.com/maps/search/Orkideh+Restaurant+منطقه+۶+تهران | J32: لید جدید | L32: 2026-08-27
A33: ۶ | B33: Khaneh Koochak Restaurant | C33: رستوران | D33: 3.9 | E33: 471 | G33: P98P+4GW | H33: https://www.google.com/maps/search/Khaneh+Koochak+Restaurant+منطقه+۶+تهران | J33: لید جدید | L33: 2026-08-27
A34: ۶ | B34: Grill Garden | C34: رستوران | D34: 4.5 | E34: 22 | G34: PCW6+3V3 | H34: https://www.google.com/maps/search/Grill+Garden+منطقه+۶+تهران | J34: لید جدید | L34: 2026-08-27
A35: ۶ | B35: Sadr-e Tehran | C35: رستوران | D35: 4.6 | E35: 11 | G35: 26th St, No. 07 | H35: https://www.google.com/maps/search/Sadr-e+Tehran+منطقه+۶+تهران | J35: لید جدید | L35: 2026-08-27
A36: ۶ | B36: Nayeb Vozara | C36: ایرانی | D36: 4 | E36: 75 | F36: بالای ۱۰ میلیون تومان | G36: Vozara St, PCM7+2PM | H36: https://www.google.com/maps/search/Nayeb+Vozara+منطقه+۶+تهران | J36: لید جدید | L36: 2026-08-27
A37: ۶ | B37: Safa Restaurant | C37: رستوران | D37: 4.2 | E37: 78 | F37: ۴ تا ۵ میلیون تومان | G37: N Kargar, P92R+Q89 | H37: https://www.google.com/maps/search/Safa+Restaurant+منطقه+۶+تهران | J37: لید جدید | L37: 2026-08-27
A38: ۷ | B38: Dehbashian Restaurant | C38: رستوران | D38: 4.2 | E38: 252 | G38: S Sohrevardi, PCFP+F64 | H38: https://www.google.com/maps/search/Dehbashian+Restaurant+منطقه+۷+تهران | J38: لید جدید | L38: 2026-08-27
A39: ۷ | B39: Orkideh Restaurant | C39: ایرانی | D39: 4.1 | E39: 56 | G39: Dr Mohammad Mosaddegh St, QC8H+FQ9 | H39: https://www.google.com/maps/search/Orkideh+Restaurant+منطقه+۷+تهران | J39: لید جدید | L39: 2026-08-27
A40: ۷ | B40: Zarech Restaurant | C40: رستوران | D40: 4 | E40: 425 | G40: Sabounchi St, PCJM+Q47 | H40: https://www.google.com/maps/search/Zarech+Restaurant+منطقه+۷+تهران | J40: لید جدید | L40: 2026-08-27
A41: ۷ | B41: Khan Restaurant | C41: رستوران | D41: 4 | E41: 44 | G41: PCPJ+62Q | H41: https://www.google.com/maps/search/Khan+Restaurant+منطقه+۷+تهران | J41: لید جدید | L41: 2026-08-27
A42: ۷ | B42: تهیه غذای قاشق | C42: رستوران بیرون‌بر | D42: 5 | E42: 35 | G42: N Sohrevardi Ave | H42: https://www.google.com/maps/search/تهیه+غذای+قاشق+منطقه+۷+تهران | J42: لید جدید | L42: 2026-08-27
A43: ۷ | B43: Delzhin Restaurant | C43: رستوران | D43: 3.9 | E43: 175 | F43: ۲ تا ۳ میلیون تومان | G43: Khorramshahr St, No. 40 | H43: https://www.google.com/maps/search/Delzhin+Restaurant+منطقه+۷+تهران | J43: لید جدید | L43: 2026-08-27
A44: ۸ | B44: Shila | C44: فست فود | D44: 4.8 | E44: 264 | G44: خیابان گلبرگ شرقی، میدان هفت حوض، پلاک ۳۹۹ | H44: https://www.google.com/maps/search/Shila+منطقه+۸+تهران | J44: لید جدید | L44: 2026-08-27
A45: ۸ | B45: رستوران برکت (دهکده غذایی برکت) | C45: رستوران | D45: 4.1 | E45: 23 | G45: Bakhtiyari St | H45: https://www.google.com/maps/search/رستوران+برکت+(دهکده+غذایی+برکت)+منطقه+۸+تهران | J45: لید جدید | L45: 2026-08-27
A46: ۸ | B46: رستوران جوانان | C46: رستوران | D46: 4 | E46: 246 | G46: Soltani Mehr St, PGG2+33W | H46: https://www.google.com/maps/search/رستوران+جوانان+منطقه+۸+تهران | J46: لید جدید | L46: 2026-08-27
A47: ۸ | B47: کافه و رستوران گردو | C47: رستوران | D47: 4.2 | E47: 62 | G47: Heydari St, PFF8+GVQ | H47: https://www.google.com/maps/search/کافه+و+رستوران+گردو+منطقه+۸+تهران | J47: لید جدید | L47: 2026-08-27
A48: ۸ | B48: Amir Kabab | C48: رستوران | D48: 4.3 | E48: 13 | G48: PFJ7+7WG | H48: https://www.google.com/maps/search/Amir+Kabab+منطقه+۸+تهران | J48: لید جدید | L48: 2026-08-27
A49: ۸ | B49: Narmak Park Restaurant | C49: رستوران | D49: 4 | E49: 34 | G49: Dr Ayat St, PFHV+86H | H49: https://www.google.com/maps/search/Narmak+Park+Restaurant+منطقه+۸+تهران | J49: لید جدید | L49: 2026-08-27
A50: ۹ | B50: Yaran restaurant | C50: رستوران | D50: 4.4 | E50: 73 | F50: ۱ تا ۲ میلیون تومان | G50: M8GG+JW6 | H50: https://www.google.com/maps/search/Yaran+restaurant+منطقه+۹+تهران | J50: لید جدید | L50: 2026-08-27
A51: ۹ | B51: کترینگ کاخ | C51: رستوران | D51: 4.7 | E51: 10 | G51: 21 Metri-e Jey | H51: https://www.google.com/maps/search/کترینگ+کاخ+منطقه+۹+تهران | J51: لید جدید | L51: 2026-08-27
A52: ۹ | B52: Shila Fast Food | C52: فست فود | D52: 4.7 | E52: 137 | G52: M8WW+8M8 | H52: https://www.google.com/maps/search/Shila+Fast+Food+منطقه+۹+تهران | J52: لید جدید | L52: 2026-08-27
A53: ۹ | B53: Ferodig | C53: رستوران | D53: 4.7 | E53: 9 | G53: خیابان دانشگاه هوایی شمالی، M8GP+PGW | H53: https://www.google.com/maps/search/Ferodig+منطقه+۹+تهران | J53: لید جدید | L53: 2026-08-27
A54: ۹ | B54: کافه رستوران قصرالشمس | C54: کافی شاپ | D54: 4.1 | E54: 8 | G54: M9P3+6MC | H54: https://www.google.com/maps/search/کافه+رستوران+قصرالشمس+منطقه+۹+تهران | J54: لید جدید | L54: 2026-08-27
A55: ۹ | B55: کبابی المهدی | C55: رستوران | D55: 4.3 | E55: 10 | G55: Shamshiri St, M8FV+P4R | H55: https://www.google.com/maps/search/کبابی+المهدی+منطقه+۹+تهران | J55: لید جدید | L55: 2026-08-27
A56: ۱۰ | B56: Maho Mehr Indian Restaurant | C56: هندی | D56: 4.7 | E56: 59 | F56: ۱ میلیون تومان | G56: کوچه میرصانعی، M9V9+HVX | H56: https://www.google.com/maps/search/Maho+Mehr+Indian+Restaurant+منطقه+۱۰+تهران | J56: لید جدید | L56: 2026-08-27
A57: ۱۰ | B57: رستوران هانی نو | C57: رستوران | D57: 3.9 | E57: 42 | F57: ۲ تا ۷ میلیون تومان | G57: Imam Khomeini St, M9P6+J3G | H57: https://www.google.com/maps/search/رستوران+هانی+نو+منطقه+۱۰+تهران | J57: لید جدید | L57: 2026-08-27
A58: ۱۰ | B58: رستوران خاتون | C58: رستوران | D58: 2.6 | E58: 23 | G58: سلسبیل، M9RG+7GC | H58: https://www.google.com/maps/search/رستوران+خاتون+منطقه+۱۰+تهران | J58: لید جدید | L58: 2026-08-27
A59: ۱۰ | B59: Jasbi Restaurant | C59: رستوران | D59: 4.2 | E59: 14 | G59: خیابان امام خمینی، بین قصرالدشت، پلاک ۶۲۹ | H59: https://www.google.com/maps/search/Jasbi+Restaurant+منطقه+۱۰+تهران | J59: لید جدید | L59: 2026-08-27
A60: ۱۰ | B60: Ghoncheh Restaurant | C60: رستوران | D60: 3.6 | E60: 55 | G60: M9P8+6R3 | H60: https://www.google.com/maps/search/Ghoncheh+Restaurant+منطقه+۱۰+تهران | J60: لید جدید | L60: 2026-08-27
A61: ۱۰ | B61: Narenj Restaurant | C61: کباب بریان | D61: 3.5 | E61: 178 | G61: M9W9+4R5 | H61: https://www.google.com/maps/search/Narenj+Restaurant+منطقه+۱۰+تهران | J61: لید جدید | L61: 2026-08-27
A62: ۱۱ | B62: رستوران بهارنو | C62: رستوران | D62: 4.7 | E62: 21 | G62: کارگر جنوبی، چهارراه لشکر، خیابان کمالی، پلاک ۱۱۳ | H62: https://www.google.com/maps/search/رستوران+بهارنو+منطقه+۱۱+تهران | J62: لید جدید | L62: 2026-08-27
A63: ۱۱ | B63: Arasbaran Persian Restaurant | C63: رستوران | D63: 4.2 | E63: 65 | F63: ۲ تا ۳ میلیون تومان | G63: MCH2+6WJ | H63: https://www.google.com/maps/search/Arasbaran+Persian+Restaurant+منطقه+۱۱+تهران | J63: لید جدید | L63: 2026-08-27
A64: ۱۱ | B64: Sepidar Restaurant | C64: ایرانی | D64: 4 | E64: 55 | G64: Kamali St | H64: https://www.google.com/maps/search/Sepidar+Restaurant+منطقه+۱۱+تهران | J64: لید جدید | L64: 2026-08-27
A65: ۱۱ | B65: کافه رستوران سنتی قصر ایرانیان | C65: رستوران | D65: 4.1 | E65: 17 | G65: M9WJ+J8X | H65: https://www.google.com/maps/search/کافه+رستوران+سنتی+قصر+ایرانیان+منطقه+۱۱+تهران | J65: لید جدید | L65: 2026-08-27
A66: ۱۱ | B66: Mahoor Restaurant | C66: رستوران | D66: 3.8 | E66: 39 | G66: ولیعصر و شیخ هادی، جنب فروشگاه رفاه، پلاک ۷۵۷ | H66: https://www.google.com/maps/search/Mahoor+Restaurant+منطقه+۱۱+تهران | J66: لید جدید | L66: 2026-08-27
A67: ۱۱ | B67: Monirieh Restaurant | C67: رستوران | D67: 3.4 | E67: 33 | G67: منیریه، منطقه ۱۱ | H67: https://www.google.com/maps/search/Monirieh+Restaurant+منطقه+۱۱+تهران | J67: لید جدید | L67: 2026-08-27
A68: ۱۲ | B68: Haj Abdullah kebab | C68: ایرانی | D68: 3.6 | E68: 274 | F68: ۵ تا ۶ میلیون تومان | G68: گل محمدی، منطقه ۱۲، روبروی Iran St | H68: https://www.google.com/maps/search/Haj+Abdullah+kebab+منطقه+۱۲+تهران | J68: لید جدید | L68: 2026-08-27
A69: ۱۲ | B69: Khayyam Traditional Restaurant | C69: رستوران | D69: 4.1 | E69: 202 | G69: Khayyam St, MCF8+2JH | H69: https://www.google.com/maps/search/Khayyam+Traditional+Restaurant+منطقه+۱۲+تهران | J69: لید جدید | L69: 2026-08-27
A70: ۱۲ | B70: رستوران ایتالیایی شادی | C70: ایتالیایی | D70: 4.4 | E70: 78 | G70: MCXQ+M7P | H70: https://www.google.com/maps/search/رستوران+ایتالیایی+شادی+منطقه+۱۲+تهران | J70: لید جدید | L70: 2026-08-27
A71: ۱۲ | B71: Dorchin Restaurant | C71: ایرانی | D71: 4.8 | E71: 33 | G71: MCWG+X97 | H71: https://www.google.com/maps/search/Dorchin+Restaurant+منطقه+۱۲+تهران | J71: لید جدید | L71: 2026-08-27
A72: ۱۲ | B72: Tilit Restaurant | C72: ایرانی | D72: 4.4 | E72: 348 | F72: ۱ تا ۲ میلیون تومان | G72: Mesbah, MCWG+W79 | H72: https://www.google.com/maps/search/Tilit+Restaurant+منطقه+۱۲+تهران | J72: لید جدید | L72: 2026-08-27
A73: ۱۲ | B73: Qadah Restaurant | C73: رستوران | D73: 4.1 | E73: 180 | F73: ۱ تا ۲ میلیون تومان | G73: MCC9+Q25 | H73: https://www.google.com/maps/search/Qadah+Restaurant+منطقه+۱۲+تهران | J73: لید جدید | L73: 2026-08-27
A74: ۱۳ | B74: Restaurant Emami | C74: رستوران | D74: 4 | E74: 23 | G74: PF33+778 | H74: https://www.google.com/maps/search/Restaurant+Emami+منطقه+۱۳+تهران | J74: لید جدید | L74: 2026-08-27
A75: ۱۳ | B75: Shafiee Restaurant | C75: رستوران | D75: 3.9 | E75: 99 | G75: PF6H+9JH | H75: https://www.google.com/maps/search/Shafiee+Restaurant+منطقه+۱۳+تهران | J75: لید جدید | L75: 2026-08-27
A76: ۱۳ | B76: تهیه غذای زعفران اقبال | C76: رستوران | D76: 4.1 | E76: 21 | G76: منطقه ۱۳، Eqbal Lahouri St | H76: https://www.google.com/maps/search/تهیه+غذای+زعفران+اقبال+منطقه+۱۳+تهران | J76: لید جدید | L76: 2026-08-27
A77: ۱۳ | B77: چلوکبابی افتخاری | C77: رستوران | D77: 3.6 | E77: 75 | G77: MFRH+R9V | H77: https://www.google.com/maps/search/چلوکبابی+افتخاری+منطقه+۱۳+تهران | J77: لید جدید | L77: 2026-08-27
A78: ۱۳ | B78: Kheshte Behesht Restaurant | C78: رستوران | D78: 3.4 | E78: 84 | F78: ۲ تا ۷ میلیون تومان | G78: Piroozi St | H78: https://www.google.com/maps/search/Kheshte+Behesht+Restaurant+منطقه+۱۳+تهران | J78: لید جدید | L78: 2026-08-27
A79: ۱۳ | B79: کبابخانه محفل | C79: کباب بریان | D79: 4 | E79: 102 | G79: PF2Q+6WW | H79: https://www.google.com/maps/search/کبابخانه+محفل+منطقه+۱۳+تهران | J79: لید جدید | L79: 2026-08-27
A80: ۱۴ | B80: Entezami Restaurant | C80: رستوران | D80: 4.5 | E80: 41 | G80: سلیمانیه، MFQ4+2M5 | H80: https://www.google.com/maps/search/Entezami+Restaurant+منطقه+۱۴+تهران | J80: لید جدید | L80: 2026-08-27
A81: ۱۴ | B81: دیزی سرا و رستوران سنتی بولونی | C81: رستوران | D81: 4.6 | E81: 19 | G81: Niknam | H81: https://www.google.com/maps/search/دیزی+سرا+و+رستوران+سنتی+بولونی+منطقه+۱۴+تهران | J81: لید جدید | L81: 2026-08-27
A82: ۱۴ | B82: Naghshe jahan restaurant | C82: رستوران | D82: 4.1 | E82: 56 | G82: No. 410, Piroozi St, Parastar St | H82: https://www.google.com/maps/search/Naghshe+jahan+restaurant+منطقه+۱۴+تهران | J82: لید جدید | L82: 2026-08-27
A83: ۱۴ | B83: تهران کباب شعبه پیروزی | C83: رستوران | D83: 4.4 | E83: 64 | F83: ۱ میلیون تومان | G83: MFRF+GCM | H83: https://www.google.com/maps/search/تهران+کباب+شعبه+پیروزی+منطقه+۱۴+تهران | J83: لید جدید | L83: 2026-08-27
A84: ۱۴ | B84: رستوران خرم | C84: کباب بریان | D84: 5 | E84: 4 | G84: آهنگ غربی، منطقه ۱۴ | H84: https://www.google.com/maps/search/رستوران+خرم+منطقه+۱۴+تهران | J84: لید جدید | L84: 2026-08-27
A85: ۱۴ | B85: رستوران ته‌دیگ | C85: رستوران | D85: 3.3 | E85: 22 | G85: MF6P+CR8 | H85: https://www.google.com/maps/search/رستوران+ته‌دیگ+منطقه+۱۴+تهران | J85: لید جدید | L85: 2026-08-27
A86: ۱۵ | B86: Simoni restaurant | C86: رستوران | D86: 4 | E86: 72 | G86: Ahang Hwy, MF59+CV7 | H86: https://www.google.com/maps/search/Simoni+restaurant+منطقه+۱۵+تهران | J86: لید جدید | L86: 2026-08-27
A87: ۱۵ | B87: Khan Baba Restaurant | C87: رستوران | D87: 4 | E87: 86 | F87: ۱ تا ۵ میلیون تومان | G87: Tayyeb St | H87: https://www.google.com/maps/search/Khan+Baba+Restaurant+منطقه+۱۵+تهران | J87: لید جدید | L87: 2026-08-27
A88: ۱۵ | B88: Kazemi Catering | C88: ایرانی | D88: 4 | E88: 61 | F88: ۳ تا ۴ میلیون تومان | G88: Hefdah Shahrivar St, MC5V+5XR | H88: https://www.google.com/maps/search/Kazemi+Catering+منطقه+۱۵+تهران | J88: لید جدید | L88: 2026-08-27
A89: ۱۵ | B89: کباب حلیم تاک | C89: حلیم‌فروشی | D89: 4.6 | E89: 52 | G89: MC3P+498 | H89: https://www.google.com/maps/search/کباب+حلیم+تاک+منطقه+۱۵+تهران | J89: لید جدید | L89: 2026-08-27
A90: ۱۵ | B90: Bita | C90: رستوران | D90: 4.4 | E90: 45 | F90: ۳ تا ۸ میلیون تومان | G90: MC4W+92C | H90: https://www.google.com/maps/search/Bita+منطقه+۱۵+تهران | J90: لید جدید | L90: 2026-08-27
A91: ۱۶ | B91: کافه رستوران آونا | C91: رستوران | D91: 4.8 | E91: 10 | G91: JCQ2+MJX | H91: https://www.google.com/maps/search/کافه+رستوران+آونا+منطقه+۱۶+تهران | J91: لید جدید | L91: 2026-08-27
A92: ۱۶ | B92: Javan Honarvar Restaurant | C92: رستوران | D92: 3.7 | E92: 328 | F92: ۱ تا ۷ میلیون تومان | G92: JCQ6+MF3 | H92: https://www.google.com/maps/search/Javan+Honarvar+Restaurant+منطقه+۱۶+تهران | J92: لید جدید | L92: 2026-08-27
A93: ۱۶ | B93: Zeytoon Restaurant | C93: رستوران | D93: 3.7 | E93: 51 | G93: نازی‌آباد، خیابان رجایی، JCQ6+377 | H93: https://www.google.com/maps/search/Zeytoon+Restaurant+منطقه+۱۶+تهران | J93: لید جدید | L93: 2026-08-27
A94: ۱۶ | B94: رستوران دهکده | C94: ایرانی | D94: 3.4 | E94: 8 | G94: JCR2+3RP | H94: https://www.google.com/maps/search/رستوران+دهکده+منطقه+۱۶+تهران | J94: لید جدید | L94: 2026-08-27
A95: ۱۶ | B95: Dadashiha Restaurant | C95: رستوران | D95: 3.6 | E95: 17 | G95: JCM5+55R | H95: https://www.google.com/maps/search/Dadashiha+Restaurant+منطقه+۱۶+تهران | J95: لید جدید | L95: 2026-08-27
A96: ۱۶ | B96: Barekati Restaurant | C96: ایرانی | D96: 3.3 | E96: 15 | G96: میدان شوش، پاساژ پرنسا، طبقه سوم | H96: https://www.google.com/maps/search/Barekati+Restaurant+منطقه+۱۶+تهران | J96: لید جدید | L96: 2026-08-27
A97: ۱۷ | B97: رستوران برادران یوسفی | C97: رستوران | D97: 4 | E97: 11 | G97: خیابان غلامحسین بهبودی، M955+498 | H97: https://www.google.com/maps/search/رستوران+برادران+یوسفی+منطقه+۱۷+تهران | J97: لید جدید | L97: 2026-08-27
A98: ۱۷ | B98: Dorehami Restaurant | C98: رستوران | D98: 4.1 | E98: 67 | F98: ۱ تا ۴ میلیون تومان | G98: Amin-ol-Molk St, No. 376 | H98: https://www.google.com/maps/search/Dorehami+Restaurant+منطقه+۱۷+تهران | J98: لید جدید | L98: 2026-08-27
A99: ۱۷ | B99: Kababi baradaran mosavi panah | C99: رستوران | D99: 4.6 | E99: 21 | G99: M93C+H73 | H99: https://www.google.com/maps/search/Kababi+baradaran+mosavi+panah+منطقه+۱۷+تهران | J99: لید جدید | L99: 2026-08-27
A100: ۱۷ | B100: رستوران دنیز | C100: شرق اروپایی | D100: 3.7 | E100: 23 | G100: Baqeri, M954+792 | H100: https://www.google.com/maps/search/رستوران+دنیز+منطقه+۱۷+تهران | J100: لید جدید | L100: 2026-08-27
...

Sheet خلاصه مناطق
A1: منطقه | B1: تعداد لید | C1: میانگین امتیاز
A2: ۱ | B2: =COUNTIF(لیدها!A2:A135,A2) -> 6 | C2: =IFERROR(ROUND(AVERAGEIF(لیدها!A2:A135,A2,لیدها!D2:D135),2),"-") -> 3.97
A3: ۲ | B3: =COUNTIF(لیدها!A2:A135,A3) -> 6 | C3: =IFERROR(ROUND(AVERAGEIF(لیدها!A2:A135,A3,لیدها!D2:D135),2),"-") -> 3.9
A4: ۳ | B4: =COUNTIF(لیدها!A2:A135,A4) -> 6 | C4: =IFERROR(ROUND(AVERAGEIF(لیدها!A2:A135,A4,لیدها!D2:D135),2),"-") -> 4.23
A5: ۴ | B5: =COUNTIF(لیدها!A2:A135,A5) -> 6 | C5: =IFERROR(ROUND(AVERAGEIF(لیدها!A2:A135,A5,لیدها!D2:D135),2),"-") -> 3.82
A6: ۵ | B6: =COUNTIF(لیدها!A2:A135,A6) -> 6 | C6: =IFERROR(ROUND(AVERAGEIF(لیدها!A2:A135,A6,لیدها!D2:D135),2),"-") -> 4.13
A7: ۶ | B7: =COUNTIF(لیدها!A2:A135,A7) -> 6 | C7: =IFERROR(ROUND(AVERAGEIF(لیدها!A2:A135,A7,لیدها!D2:D135),2),"-") -> 4.22
A8: ۷ | B8: =COUNTIF(لیدها!A2:A135,A8) -> 6 | C8: =IFERROR(ROUND(AVERAGEIF(لیدها!A2:A135,A8,لیدها!D2:D135),2),"-") -> 4.2
A9: ۸ | B9: =COUNTIF(لیدها!A2:A135,A9) -> 6 | C9: =IFERROR(ROUND(AVERAGEIF(لیدها!A2:A135,A9,لیدها!D2:D135),2),"-") -> 4.23
A10: ۹ | B10: =COUNTIF(لیدها!A2:A135,A10) -> 6 | C10: =IFERROR(ROUND(AVERAGEIF(لیدها!A2:A135,A10,لیدها!D2:D135),2),"-") -> 4.48
A11: ۱۰ | B11: =COUNTIF(لیدها!A2:A135,A11) -> 6 | C11: =IFERROR(ROUND(AVERAGEIF(لیدها!A2:A135,A11,لیدها!D2:D135),2),"-") -> 3.75
A12: ۱۱ | B12: =COUNTIF(لیدها!A2:A135,A12) -> 6 | C12: =IFERROR(ROUND(AVERAGEIF(لیدها!A2:A135,A12,لیدها!D2:D135),2),"-") -> 4.03
A13: ۱۲ | B13: =COUNTIF(لیدها!A2:A135,A13) -> 6 | C13: =IFERROR(ROUND(AVERAGEIF(لیدها!A2:A135,A13,لیدها!D2:D135),2),"-") -> 4.23
A14: ۱۳ | B14: =COUNTIF(لیدها!A2:A135,A14) -> 6 | C14: =IFERROR(ROUND(AVERAGEIF(لیدها!A2:A135,A14,لیدها!D2:D135),2),"-") -> 3.83
A15: ۱۴ | B15: =COUNTIF(لیدها!A2:A135,A15) -> 6 | C15: =IFERROR(ROUND(AVERAGEIF(لیدها!A2:A135,A15,لیدها!D2:D135),2),"-") -> 4.32
A16: ۱۵ | B16: =COUNTIF(لیدها!A2:A135,A16) -> 5 | C16: =IFERROR(ROUND(AVERAGEIF(لیدها!A2:A135,A16,لیدها!D2:D135),2),"-") -> 4.2
A17: ۱۶ | B17: =COUNTIF(لیدها!A2:A135,A17) -> 6 | C17: =IFERROR(ROUND(AVERAGEIF(لیدها!A2:A135,A17,لیدها!D2:D135),2),"-") -> 3.75
A18: ۱۷ | B18: =COUNTIF(لیدها!A2:A135,A18) -> 6 | C18: =IFERROR(ROUND(AVERAGEIF(لیدها!A2:A135,A18,لیدها!D2:D135),2),"-") -> 4.23
A19: ۱۸ | B19: =COUNTIF(لیدها!A2:A135,A19) -> 6 | C19: =IFERROR(ROUND(AVERAGEIF(لیدها!A2:A135,A19,لیدها!D2:D135),2),"-") -> 4.33
A20: ۱۹ | B20: =COUNTIF(لیدها!A2:A135,A20) -> 6 | C20: =IFERROR(ROUND(AVERAGEIF(لیدها!A2:A135,A20,لیدها!D2:D135),2),"-") -> 3.73
A21: ۲۰ | B21: =COUNTIF(لیدها!A2:A135,A21) -> 6 | C21: =IFERROR(ROUND(AVERAGEIF(لیدها!A2:A135,A21,لیدها!D2:D135),2),"-") -> 4.53
A22: ۲۱ | B22: =COUNTIF(لیدها!A2:A135,A22) -> 6 | C22: =IFERROR(ROUND(AVERAGEIF(لیدها!A2:A135,A22,لیدها!D2:D135),2),"-") -> 4.05
A23: ۲۲ | B23: =COUNTIF(لیدها!A2:A135,A23) -> 9 | C23: =IFERROR(ROUND(AVERAGEIF(لیدها!A2:A135,A23,لیدها!D2:D135),2),"-") -> 3.98
